{
    "name": "All Requests",
    "numberOfRequests": {
        "total": 52692,
        "ok": 39599,
        "ko": 13093
    },
    "minResponseTime": {
        "total": 29,
        "ok": 29,
        "ko": 41
    },
    "maxResponseTime": {
        "total": 60016,
        "ok": 60000,
        "ko": 60016
    },
    "meanResponseTime": {
        "total": 2275,
        "ok": 1476,
        "ko": 4691
    },
    "standardDeviation": {
        "total": 9586,
        "ok": 6319,
        "ko": 15534
    },
    "percentiles1": {
        "total": 87,
        "ok": 89,
        "ko": 43
    },
    "percentiles2": {
        "total": 174,
        "ok": 220,
        "ko": 130
    },
    "percentiles3": {
        "total": 6000,
        "ok": 6467,
        "ko": 48322
    },
    "percentiles4": {
        "total": 55170,
        "ok": 40850,
        "ko": 59994
    },
    "group1": {
    "name": "t < 800 ms",
    "htmlName": "t < 800 ms",
    "count": 34205,
    "percentage": 64.91497760570864
},
    "group2": {
    "name": "800 ms <= t < 1200 ms",
    "htmlName": "t >= 800 ms <br> t < 1200 ms",
    "count": 767,
    "percentage": 1.4556289379791998
},
    "group3": {
    "name": "t >= 1200 ms",
    "htmlName": "t >= 1200 ms",
    "count": 4627,
    "percentage": 8.781219160403857
},
    "group4": {
    "name": "failed",
    "htmlName": "failed",
    "count": 13093,
    "percentage": 24.848174295908297
},
    "meanNumberOfRequestsPerSecond": {
        "total": 238.42533936651583,
        "ok": 179.18099547511312,
        "ko": 59.244343891402714
    }
}