{
    "name": "All Requests",
    "numberOfRequests": {
        "total": 52676,
        "ok": 39459,
        "ko": 13217
    },
    "minResponseTime": {
        "total": 30,
        "ok": 30,
        "ko": 41
    },
    "maxResponseTime": {
        "total": 60055,
        "ok": 59929,
        "ko": 60055
    },
    "meanResponseTime": {
        "total": 2276,
        "ok": 1349,
        "ko": 5045
    },
    "standardDeviation": {
        "total": 9786,
        "ok": 6099,
        "ko": 16137
    },
    "percentiles1": {
        "total": 87,
        "ok": 90,
        "ko": 43
    },
    "percentiles2": {
        "total": 163,
        "ok": 189,
        "ko": 130
    },
    "percentiles3": {
        "total": 4429,
        "ok": 5816,
        "ko": 59183
    },
    "percentiles4": {
        "total": 52530,
        "ok": 39538,
        "ko": 60028
    },
    "group1": {
    "name": "t < 800 ms",
    "htmlName": "t < 800 ms",
    "count": 34197,
    "percentage": 64.9195079353026
},
    "group2": {
    "name": "800 ms <= t < 1200 ms",
    "htmlName": "t >= 800 ms <br> t < 1200 ms",
    "count": 812,
    "percentage": 1.5414989748652137
},
    "group3": {
    "name": "t >= 1200 ms",
    "htmlName": "t >= 1200 ms",
    "count": 4450,
    "percentage": 8.447869997721922
},
    "group4": {
    "name": "failed",
    "htmlName": "failed",
    "count": 13217,
    "percentage": 25.09112309211026
},
    "meanNumberOfRequestsPerSecond": {
        "total": 238.35294117647058,
        "ok": 178.54751131221718,
        "ko": 59.80542986425339
    }
}